"aba, Aphis"
"abchasica, Megoura viciae ssp."
"abdomenigrum, Chitinosiphon"
"abeliae, Neotoxoptera"
"abrotani, Coloradoa, Macrosiphoniella"
"abyssinica, Pseudaphis"
"acadiana, Cinara "
"acaenae, Pentamyzus"
"acaenaevora, Aphis"
"acaenovinae, Aphis"
"acanthoidis, Aphis"
"acanthophylli, Aphidura"
"acanthovillus, Pleotrichophorus see utensis"
"acaudata, Brachycaudus"
"acetosae, Aphis"
"achilleae, Coloradoa, Metopeurum, Pleotrichophorus, Uroleucon"
"achillearadicis, Aphis"
"achlys, Macrosiphoniella"
"aconiti, Brachycaudus"
"aconitifoliae, Delphiniobium"
"acophorum, Microsiphoniella"
"acori, Schizaphis"
"acrita, Aphis"
"acroptilidis, Dysaphis"
"acroptilidis, Uroleucon"
"acutirostre, Uroleucon see budhium"
"adenocaulonae, Uroleucon"
"adenophorae, Tshernovaia, Uroleucon"
"adenophoricola, Uroleucon see adenophorae"
"adianti, Macrosiphum"
"adjuvans, Aspidaphis"
"aegopodii, Aulacorthum, Cavariella"
"aeschynomenidis, Neoantalus"
"aetheocornum, Macrosiphum"
"aetnensis, Macrosiphoniella"
"afghanensis, Pleotrichophorus persimilis ssp."
"afghanica, Brachyunguis see tausaghyz, Protaphis, Trama, Uroleucon sonchi ssp.            "
"africana, Tetraneura"
"agabiformis, Hyadaphis"
"agastachyos, Aphis"
"agathona, Braggia"
"agathonica, Amphorophora"
"ageni, Kugegania"
"agilissima, Pehuenchaphis"
"agrariae, Aphis"
"agrimoniae, Acyrthosiphon malvae ssp."
"agrimoniellum, Macrosiphum"
"agriphylli, Brachyunguis"
"agropyricena, Tetraneura capitata ssp."
"agropyronensis, Sipha"
"agropyronophaga, Diuraphis see tritici "
"agrostidis, Diuraphis"
"agrostis, Schizaphis"
"airolense, Chaetosiphon alpestre ssp."
"aizenbergi, Dysaphis newskyi ssp., Semiaphis, Therioaphis "
"aizhanae, Macrosiphoniella"
"ajaniae, Coloradoa, Macrosiphoniella"
"ajugae, Myzus"
"akebiae, Sitobion"
"aktaschica, Macrosiphoniella (Asterobium)"
"aktashica, Macrosiphoniella"
"alaica, Rhopalomyzus"
"alakuli, Xerobion"
"alaskense, Uroleucon"
"alatina, Therioaphis"
"alatavica, Aphidura, Prociphilus see umarovi"
"alativica, Macrosiphoniella, Nasonovia"
"albata, Pterasthenia"
"albella, Aphis"
"albertinae, Macrosiphum"
"albiartemisiae, Macrosiphoniella"
"albidum, Metopolophium"
"albifrons, Macrosiphum"
"albinae, Sappaphis"
"albipes, Iziphya"
"alboapicalis, Cryptomyzus"
"albocinerea, Dysaphis see emicis"
"alchemillae, Aphis"
"alectorolophi, Myzus"
"alexandrae, Aphis see Protaphis terricola"
"alhagii, Protaphis"
"alhagis, Weibanaphis"
"alienus, Aphis"
"aliquanti, Vietaphis"
"alistana, Israelaphis"
"alliariae, Lipaphis"
"allii, Dysaphis"
"alopecuri, Sitobion"
"alpestre, Chaetosiphon"
"alpestris, Trichosiphonaphis"
"alpicola, Taiwanomyzus"
"alpigeniae, Ericolophium"
"alpina, Nasonovia"
"alpinae, Volutaphis"
"alpinum, Chaetosiphon, Macrosiphum, Metopolophium, Pterocomma"
"alstroemeriae, Aphis"
"altaensis, Nasonovia"
"altaica, Klimaszewskia, Macrosiphoniella, Rubiaphis"
"altaicum, Uroleucon "
"alyssi, Spatulophorus"
"alyssii, Smiela schneideri ssp."
"amamianum, Uroleucon"
"amaranthi, Aphis"
"ambiguum, Uroleucon"
"ambrosiae, Pleotrichophorus, Uroleucon"
"americana, Iziphya"
"americanum, Impatientinum"
"ampelina, Aploneura"
"amphorosiphon, Aphidura"
"ampullata, Amphorophora"
"amsinckii, Pleotrichophorus"
"amurensis, Allaphis cyperi ssp., Amphorophora, Xerobion"
"amygdaloides, Macrosiphum"
"anaphalidis, Indomasonaphis"
"ancathiae, Protaphis "
"anchusae, Geoica"
"andromedae, Illinoia"
"anemones, Himalayaphis"
"anemoni, Thecabius"
"anethi, Hyadaphis"
"angelicae, Aphis, Cavariella, Coloradoa, Dysaphis"
"angelicograstis, Sappaphis"
"angelicophaga, Dysaphis"
"angusticeps, Vesiculaphis"
"angusticorna, Ceratovacuna"
"anholocyclica, Dysaphis radicola ssp."
"anisoidis, Dysaphis"
"anisopappi, Micromyzella"
"annae, Amphorophora"
"anncharlotteae, Eriosoma"
"annulata, Dysaphis, Macrosiphoniella see antennata"
"anomalae, Uroleucon"
"anomella, Obtusicauda"
"anselliae, Sitobion"
"antennieurfum, Eriosoma"
"anthemiae, Protaphis"
"anthemidis, Protaphis"
"antherici, Aphis"
"anthrisci, Dysaphis, Semiaphis"
"anuraphoides, Protaphis"
"apiaca, Brachysiphoniella"
"aqua, Macrosiphoniella see grandicauda"
"aquatilis, Subsaltusaphis"
"aquaviride, Uroleucon see Macrosiphum euphorbiae"
"aquilegiae, Nasonovia"
"aquilonalis, Aphis"
"arabica, Pseudaphis"
"arabisi, Tauricaphis"
"aralensis, Protaphis"
"araliaeradicis, Aphis"
"arctica, Brevicoryne, Calaphis, Colophina, Macrosiphoniella, Thripsaphis vibei ssp.see Allaphis cyperi "
"arcticum, Metopolophium"
"arctiumi, Aphis"
"arctogenicolens, Metopolophium"
"arenaria, Aphis coronillae ssp."
"arenariae, Macrosiphoniella"
"arenarii, Sipha"
"argentinaeradicis, Nearctaphis"
"argynica, Macrosiphoniella"
"argrimoniae, Aphis"
"argus, Acyrthosiphon"
"arizonensis, Nasonovia"
"armata, Aphis"
"armelliae, Brachyunguis"
"armoraciae, Protaphis see middletonii"
"arnaultae, Therioaphis"
"arnesense, Uroleucon"
"arrhenatheri, Schizaphis "
"artemisicola Artemisaphis, Coloradoa see campestrella, Pleotrichophorus"
"artemisiphaga, Aphis, Aulacorthum"
"artemisiphila, Aphis, Obtusicauda"
"artemisivora, Aphis"
"arthraxonis, Kaochiaoja"
"asamensis, Myzus"
"asirum, Sitobion"
"asishghoshi, Cinara"
"asparagi, Brachycorynella"
"asparagophagus, Myzus see persicae"
"assiniboinensis, Acyrthosiphon"
"asterensis, Acuticauda"
"asteriae, Myzus, Uroleucon"
"astericola, Aphis"
"asterifoliae, Pleotrichophorus"
"asteriphagum, Aulacorthum"
"asteris, Aulacorthum, Aleurodaphis, Macrosiphoniella"
"asteromyzon, Uroleucon"
"asterophaga, Myzus see Metopolophium dirhodum"
"asterophagum, Uroleucon"
"astrachanicae, Cryptosiphum"
"astragalensis, Bicaudella"
"astragali, Acyrthosiphon, Aphis, Therioaphis"
"astragalicola, Aphis"
"astragalina, Aphis"
"astrakhanica, Protaphis"
"astronomus, Uroleucon"
"atina, Dysaphis"
"atra, Cinara, Liosomaphis, Macrosiphoniella"
"atragenae, Macrosiphum"
"atraphaxidis, Brachyunguis"
"atrata, Macrosiphoniella see atra"
"atricornis, Epameibaphis"
"atripes, Cinara, Uroleucon"
"atriplicis, Hayhurstia, Metopeuraphis"
"atriplicivorum, Cryptosiphum see brevipilosum"
"aubletia, Aphis"
"auctum, Acyrthosiphon"
"aucupariae, Dysaphis"
"audeni, Macrosiphum"
"aulacorthoides, Sitobion"
"auralenta, Forda see orientalis"
"aurantii, Aphis, Toxoptera see Aphis"
"aurata, Neuquenaphis"
"auratum, Eriosoma"
"aurea, Schizaphis"
"auriculae, Acyrthosiphon, Thecabius"
"australis, Wahlgreniella see Delfinoia peruviana"
"austriaca, Aphis, Iziphya see bufo"
"austriacae, Macrosiphoniella"
"autriquei, Burundiaphis, Sitobion"
"avariolosa, Ericaphis"
"avenae, Sitobion"
"avicularisucta, Polygonaphis see Aspidaphis adjuvans"
"axyriphaga, Aphis"
"axyriradicis, Aphis"
"azaleae, Illinoia"
"azerbaidjanica, Therioaphis"
"babai, Taiwanomyzus"
"baccharicola, Aphis"
"badium, Macrosiphum"
"bahamondesi, Brachyunguis"
"bahratia, Aphidura see ornatella"
"baichengense, Titanosiphon see dracunculi"
"baisunensis, Dysaphis eremuri ssp."
"balachowskyi, Cinara, Seneciobium"
"ballii, Thripsaphis"
"ballotae, Aphis, Brachycaudus, Cryptomyzus"
"balloticola, Aphis see ballotae"
"balsamines, Impatientinum"
"bamendae, Sitobion"
"barbareae, Brevicoryne"
"baronii, Trama"
"barsukense, Xerobion"
"bartholomewi, Illinoia crystleae ssp."
"basui, Tetraneura"
"bazarovi, Eotrama"
"behboudii, Cryptomyzus"
"beheni, Acaudinum"
"beijingensis, Ceratovacuna, Thecabius, Therioaphis"
"beiquei, Sitobion"
"bellicosum, Titanosiphon see neoartemisiae"
"benoisti, Titanosiphon see minkiewiczi"
"berberidis, Liosomaphis"
"berberidorum, Aphis"
berberinutritum  Metopolophium see fasciatum
"berchemiae, Macrosiphum"
"bereticum, Uroleucon"
"berezhkovi, Brachyunguis"
"beringiensis, Aphis"
"berkemiae, Macrosiphum"
"berlesei, Chaetosiphella"
"berlinskii, Aphis"
"berteroae, Aphis"
"berteroaella, Lipaphis see ruderalis"
"betae, Pemphigus, Smynthurodes"
"betpakdalensis, Protaphis"
"bharatia, Aphidura see ornatella"
"bhutanense, Pterocomma"
"bicincta, Hyadaphis"
"bicolor, Brachycaudus, Brachyunguis, Pterocomma, Uroleucon"
"bidenticola, Acyrthosiphon"
"bidentis, Acyrthosiphon see ilka"
"bielawskii, Uroleucon"
"biennis, Myzus"
"bifrontis, Uroleucon"
"bigrarta, Trama"
"bimacula, Protaphis"
"biobiensis, Aphis"
"bisensoriatum, Macrosiphum"
"bishopi, Brachyunguis"
"bispina, Tetraneura fusiformis ssp."
"bistorti, Acyrthosiphon"
"blanchardi, Brachyunguis"
"blascoi, Xerobion"
"blattnyi, Acyrthosiphon nigripes ssp., Chondrillobium"
"boehmeriae, Myzus"
"bogdouli, Delphiniobium"
"bonariensis, Macrosiphoniella tanacetaria ssp."
"bonitum, Uroleucon"
"bonjeaniae, Therioaphis"
"bonnevillensis, Bachyunguis"
"bonomii, Dysaphis"
"boraginacearum, Ovatomyzus"
"boreale, Acyrthosiphon, Uroleucon"
"borystenicum, Metopeurum"
"bossekiae, Utamphorophora"
"bournieri, Coloradoa"
"bozhkoae, Aphidura, Macrosiphoniella"
"bozhkoi, Aphis"
"brachiariae, Micromyzus see Pentalonia gavarri"
"brachychaeta, Aphis, Pseudessigella"
"brachychaetum, Uroleucon"
"brachycyclica, Dysaphis, Nasonovia"
"brachysiphon, Acyrthosiphon, Aphis, Brachycolus, Brachyunguis see Aphis, Plocamaphis flocculosa ssp."
"brachyskeroae, Ceratoglyphina"
"brachytarsus, Schizaphis"
"brachytricha, Tetraneura, Therioaphis"
"bradburyi, Uroleucon"
"brasiliensis, Cerataphis, Microparsus"
"brassicae, Brevicoryne"
"brevicorne, Acyrthosiphon"
"brevicornis, Atheroides, Ceratovacuna see japonica, Pemphigus, Thripsaphis"
"brevifoliae, Cinara cedri ssp."
"brevinectarius, Pleotrichophorus"
"brevipes, Nasonovia"
"brevipilosa, Cinara, Coloradoa, Megoura, Paczoskia"
"brevipilosum, Cryptosiphum"
"brevirostratus, Brachycaudus"
"brevirostre, Sitobion, Uroleucon"
"brevirostris, Dysaphis, Stegophylla"
"brevis, Pleotrichophorus packi spp."
"breviscriptum, Uroleucon"
"brevisiphona, Macrosiphoniella"
"brevitarsis, Aphis, Illinoia, Uroleucon"
"brohmeri, Aphis"
"bromi, Cryptaphis"
"bromicola, Diuraphis, Utamphorophora"
"brotericola, Aphis"
"brunellae, Aphis"
"brunnea, Aphis"
"brutii, Xerobion see caspicae"
"bucktoni, Myzaphis"
"bucktonis, Greenidea"
"budhium, Uroleucon"
"bufo, Iziphya"
"buhri, Pseudobrevicoryne"
"bulgarica, Paczoskia"
"bulgaricum, Acaudinum"
"bulgaricus, Capitophorus, Periphyllus"
"bumeliae, Prociphilus"
"bunii, Cavariella, Dysaphis"
"bupleuri, Aphis, Hyadaphis, Macrosiphum"
"bupleuriphila, Hyadaphis"
"bupleurisensoriata, Aphis see bupleuri"
"burakowskii, Sipha"
"buryatica, Macrosiphoniella see Metopeurum "
"buryaticum, Metopeurum"
"bykovi, Paracletus"
"cacaliasteris, Aphis"
"cachryos, Anuraphis"
"cadens, Uroleucon"
"caerulea, Vesiculaphis"
"caespitosae, Thripsaphis see ballii"
"cahuillae, Brachyunguis"
"calamagrostis, Diuraphis"
"calaminthae, Aphis"
"calanthes, Hydronaphis"
"calendulae, Uroleucon"
"caligatum, Uroleucon"
"calligoni,  Brachyunguis"
"callunae, Aphis"
"calthae, Rhopalosiphoninus"
"calvulum, Acyrthosiphon see Sitobion, Sitobion"
"camelliae, Greenidea"
"camellis, Ceratoglyphina"
"cameronense, Uroleucon see cephalonopli"
"campanulae, Uroleucon"
"campanulata, Jacksonia"
"campestrella, Coloradoa"
"campestris, Coloradoa"
"camphorosmae, Chaitaphis, Xerobion"
"cana, Therioaphis see trifolii"
"canadense, Delphiniobium, Uroleucon"
"canadensis, Cachryphora, Microsiphoniella, Richardsaphis, Subsaltusaphis"
"canae, Aphis"
"canberrae, Casimira"
"candicans, Dysaphis"
"cannabis, Phorodon"
"capilanoense, Aulacorthum see Amphorophora forbesi"
"capillaricola, Macrosiphoniella "
"capillatum, Metopeurum"
"capitata, Raychaudhuriaphis, Tetraneura"
"capitellum, Acyrthosiphon"
"capitophoroides, Blanchardaphis, Matsumuraja"
"capparidis, Anuraphis"
"capsellae, Dysaphis"
"caraganae, Acyrthosiphon"
"carberriense, Uroleucon"
"cardamine, Aphis see triglochinis"
"carduellinus, Hyperomyzus"
"carduella, Aphis see asclepiadis"
"cardui, Brachycaudus, Chitinosiphon, Uroleucon mongolicum ssp.  "
"carduinus, Capitophorus"
"cari, Aphis"
"caricicola, Thripsaphis"
"carrilloi, Aphis"
"carlinae, Protaphis, Uroleucon"
"carmini, Israelaphis"
"carnosum, Microlophium"
"caroliboerneri, Aphis"
"carpaticae, Thripsaphis brevicornis ssp., Delphiniobium, Hydaphias"
"carthami, Protaphis, Uroleucon"
"carverae, Aphis"
"caryopteridis, Aphis"
"caspicae, Xerobion"
"caspicum, Staticobium, Uroleucon"
"castelleiae, Nasonovia"
"catharinae, Amphorophora"
"caucasicum, Staticobium"
"caudata, Trama"
"cayratiae, Macrosiphoniella"
"ceanothi, Aphis, Illinoia"
"cegmidi, Macrosiphoniella"
"celtifoliae, Rhopalosiphoninus"
"centaurea, Aphis see Protaphis terricola"
"centaureae, Acaudinum, Dysaphis, Trama, Volutaphis"
"centranthi, Macrosiphum"
"cephalanthi, Aphis"
"cephalariae, Dysaphis"
"cephalarioides, Dysaphis"
"cephalata, Vesiculaphis"
"cephalonopli, Uroleucon"
"cerasi, Myzus"
"cerastii, Aphis, Brachycolus, Thecabius"
"cercocarpi, Aphis"
"cerei, Nasonovia houghtonensis ssp."
"cerina, Tuberaphis"
"cerinthiacum, Macrosiphum"
"cerinthis, Brachycaudus"
"certus, Myzus"
"cervariae, Semiaphis"
"cessana, Cavariella"
"chaenometiola, Schizaphis"
"chaetosiphon, Aphis, Chaetosiphon, Holmania, Macrosiphoniella, Neobetulaphis, Pterocomma, Sorbaphis, Toxoptera see Aphis"
"chamaedrys, Ovatomyzus"
"chamaemelifoliae, Macrosiphoniella"
"chamaerhodi, Szelegiewicziella"
"chandrani, Metopolophium"
"chani, Uroleucon"
"chanikiwiti, Sitobion see leelamaniae"
"chelidonii, Acyrthosiphon"
"chilense, Uroleucon"
"chilopsidi, Aphis"
"chita, Macrosiphoniella see saussureae"
"chloris, Aphis"
"cholodkovsyi, Macrosiphum"
"cholsunensis, Rhodiolaphis see Brachycaudus sedi "
"chomoense, Elatobium"
"chondrillae, Protaphis, Uroleucon"
"chosoni, Lachnus, Macrosiphoniella abrotani ssp."
"chrysanthemi, Chaitophorus see nassonowi, Pleotrichophorus, Uroleucon"
"chrysopsidicola, Uroleucon"
"chrysosplenii, Taiwanomyzus"
"chrysothamni, Aphis"
"chrysothamnicola, Aphis"
"churchillense, Acyrthosiphon"
"chusqueae, Rhopalosiphum"
"cicerbitae, Uroleucon"
"ciceri, Aphis"
"cichorii, Uroleucon"
"cicutisucta, Cavariella"
"ciefi, Uroleucon"
"cimicifugae, Aphis"
"cinae, Xerobion"
"cinerascens, Macrosiphoniella"
"cinerea, Aphis"
"cirsiariston, Unisitobion see Chitinosiphon cirsorhizum"
"cirsicola, Aphis, Aulacorthum, Uroleucon"
"cirsii, Dysaphis lappae ssp."
"cirsii, Radiaphis see Chitinosiphon cirsorhizum"
"cirsii, Uroleucon"
"cirsiiacanthoidis, Aphis fabae ssp."
"cirsiioleracei, Aphis"
"cirsiiphagus, Capitophorus"
"cirsiphila, Aphis"
"cirsomilos, Radicisiphum see Chitinosiphon cirsorhizum"
"cirsorhizum, Chitinosiphon"
"cissi, Sitobion"
"citrina, Aphis see chloris"
"citrinus, Cryptomyzus galeopsidis ssp."
"clauseni, Subiziphya"
"claytoniae, Macrosiphum"
"clematicola, Aphis, Colophina"
"clematidis, Aphis"
"clematifoliae, Macrosiphum"
"clematiphaga, Aphis"
"clematophagum, Macrosiphum"
"clematophilus, Tubaphis"
"clerodendri, Aphis, Prociphilus"
"cliftonensis, Aphis"
"clinepetae, Aphis"
"clinopodii, Aphis, Eumyzus "
"clum, Macrosiphum"
"clydesmithi, Aphis, Macrosiphum, Nearctaphis"
"cochleariae, Lipaphis"
"cockerelli, Macrosiphum see rudbeckiarum"
"codonopsicola, Megouroleucon"
"codonopsidis, Rhopalomyzus"
"codonopsis, Neomyzus"
"coerulescens, Hyadaphis"
"coffeae, Sinomegoura"
"coffeata, Aphis"
"colchica, Paczoskia"
"colei, Sitobion"
"collomiae, Nasonovia"
"colocasiae, Hydronaphis"
"coloradense, Uroleucon"
"coloutensis, Amphorophora"
"columbiana, Braggia"
"coluteae, Pemphigus see vesicarius"
"comari, Aphis"
"commelinensis, Utamphorophora"
"comosa, Aphis"
"compositarum, Oedisiphum"
"compositellae, Nasonovia"
"conandri, Xenosiphonaphis"
"coniumi, Semiaphis"
"conspicua, Aphis"
"constrictum, Macrosiphum"
"coprosmae, Aphis"
"corallinum, Macrosiphum see cholodkovsyi"
"corallorhizae, Macrosiphum"
"coraria, Aphis lantanae ssp."
"corazonensis, Carolinaia"
"coreanum, Chaetosiphon"
"coriandri, Hyadaphis"
"coridifoliae, Aphis"
"coringiae, Lipaphis rossi ssp."
"cornuta, Aphis, Trichosiphonaphis"
"coronillae, Aphis"
"coronopifoliae, Aphis"
"corsicae, Acyrthosiphon"
"corsicensis, Aphidura"
"cortusae, Anuraphis"
"corydalicola, Aulacorthum"
"corydalis, Macrosiphum"
"corydalisicola, Longicaudinus"
"coryspermi, Semiaphis"
"costalis, Aphis"
"cotoneasteris, Anuromyzus"
"cottieri, Aphis"
"cousiniae, Protaphis, Dysaphis"
"coweni, Adelges, Aphis see cercocapi, Obtusicauda, Tamalia"
"craccae, Aphis"
"crambe, Brevicoryne"
"crambinistataricae, Brevicoryne see crambe"
"crassicauda, Megoura"
"crassicornis, Indiaphis, Lachnus"
"crassisetosa, Nigritergaphis"
"crassitibiae, Brachycaudus"
"crassitubia, Obtusicauda moldavica ssp."
"creelii, Macrosiphum"
"crenicorna, Nasonovia"
"crepidis, Acyrthosiphon, Aphis, Macrosiphoniella, Uroleucon formosanum ssp."
"crepusisiphon, Uroleucon"
"crithmi, Dysaphis"
"crypta, Aphis, see Protaphis middletonii"
"cryptobium, Subacyrthosiphon"
"cryptotaeniae, Amphorophora"
"crystleae, Anthracosiphon"
"crystleae, Illinoia"
"cucubali, Brachycolus"
"cuprea, Schizaphis"
"curtiseta, Aphis"
"cuscutae, Aphis, Brachyunguis, Macrosiphum"
"cuspidata, Muscaphis"
"cyatheae, Macrosiphum"
"cylactis, Aulacorthum"
"cymbalariae, Myzus"
"cymbariae, Macrosiphoniella"
"cynanchi, Brachyunguis"
"cynanchiacuti, Brachyunguis see bicolor"
"cynarae, Dysaphis lappae ssp."
"cynosbati, Nasonovia"
"cyparissiae, Acyrthosiphon"
"cyperi, Allaphis, Carolinaia"
"cyrtomophilum, Cyrtomophorodon"
"cystopteris, Macrosiphum"
"daisenensis, Melanaphis"
"dalhousiensis, Impatientinum asiaticum ssp."
"damrosae, Macropodaphis see paradoxa"
"danielae, Aphis"
"daphnidis, Macrosiphum, Acyrthosiphon"
"darjeelingensis, Taiwanomyzus see montanus"
"darjeelingensis, Eumyzus, Metopolophium"
"darjeelingi, Hillerislambersia"
"darjilingense, Metopolophium see lacheni"
"dasi, Aulacorthum, Micromyzodium"
"dasiphorae, Aphis, Macropodaphis see primigenius"
"dasyphylli, Nasonovia"
"dauci, Semiaphis"
"dauricum, Acyrthosiphon"
"davalliae, Micromyzella"
"davazhamci, Macrosiphoniella"
"daviaulti, Allaphis"
"debile, Uroleucon"
"debilicornis, Protaphis"
"debregeasiae, Myzus"
"decepta, Aphis"
"dehbani, Iranaphias"
"delguercoi, Trama see caudata"
"deltense, Uroleucon"
"deltoidei, Dysaphis"
"denaensis, Bicaudella"
"dendrobii, Neomyzus"
"deserta, Coloradoa"
"deserticola, Braggia, Macrosiphoniella scopariae ssp."
"desertorum, Xerobion"
"desmodiorum, Microparsus"
"deutziae, Nippodysaphis"
"deutzifoliae, Rhopalosiphoninus"
"dianthicola, Myzus"
"dicentrae, Macrosiphum, Neomyzus"
"dickeri, Cryptomyzus galeopsidis ssp."
"dicksoni, Tamalia"
"diervillae, Macrosiphum, Micromyzus"
"difabioae, Aphis"
"digitata, Cavariella, Tuberoaphis hydrangeae ssp."
"dilonicerae, Prociphilus"
"dismilaceti, Sitobion"
"dispersum, Ipuka"
"diutius, Pleotrichophorus"
"divia, Macrosiphoniella tanacetaria ssp. see artemisiae                "
"dlabolai, Aphis"
"dobrovljanskyi, Ctenocallis"
"doellingeriae, Chitinosiphon, Uroleucon"
"doipuiensis, Ceratovacuna"
"dolychosiphon, Obtusicauda"
"domenechi, Essigella"
"donacis, Melanaphis"
"doncasteri, Atheroides"
"dongtaiensis, Kaltenbachiella pallida ssp."
"donisthorpei, Paracletus"
"dooarsis, Megoura"
"doronici, Uroleucon"
"doronicicola, Macrosiphum"
"dorsatum, Aulacorthum, Sitobion see Aulacorthum"
"dorycnii, Therioaphis"
"dracocephali, Klimaszewskia"
"dracunculi, Macrosiphoniella, Titanosiphon"
"dracunculum, Cryptosiphum"
"drakontos, Eulachnus see thunbergii"
"droserae, Aphis"
"dryasae, Acyrthosiphon"
"dryopterae, Rhopalosiphum"
"dryopteridis, Macrosiphum"
"dubia, Schizaphis"
"duckmountainensis, Aphis"
"dudichi, Protaphis"
"dulciculus, Chaitophorus see pakistanicus"
"dunlopi, Longicaudus"
"duponti, Pleotrichophorus"
"dyslycialis, Myzus persicae ssp."
"dzhetisuensis, Nasonovia"
"dzhibladzeae, Illinoia, Macrosiphum"
"dzhungarica, Macropodaphis"
"dzhungaricum, Uroleucon"
"ecballii, Aphis"
"echinaceae, Protaphis"
"echinatum, Uroleucon"
"echinochlorophaga, Pemphigus"
"echinocysti, Macrosiphum"
echinopis. Protaphis
"echinopsicola, Aphis see echinopis"
"echinospartii, Acyrthosiphon"
"edrossi, Macrosiphum"
"egomae, Aphis"
"elatinoidei, Aphis"
"elatior, Protaphis"
"elena, Aphis"
"elenae, Macrosiphoniella"
"elephantopicola, Uroleucon"
"eliei, Micromyzella"
"elizabethae, Melanaphis"
"elliptici, Acyrthosiphon rubi ssp."
"elongatum, Eutrichosiphum see Mollitrichosiphum niitakaensis"
"elongatus, Pleotrichophorus"
"elsholtriae, Kaltenbachiella"
"elsholtze, Cryptomyzus, Rhopalosiphoninus"
"emicis, Dysaphis"
"empetri, Wahlgreniella"
"enigmae, Rhopalosiphum"
"eniwanus, Capitophorus"
"ensifoliae, Uroleucon"
"enslini, Metopeurum"
"ephedrae, Ephedraphis"
"epilobiaria, Aphis"
"epilobiellum, Macrosiphum see tinctum"
"epilobii, Aphis, Uroleucon"
"epipactis, Aphis"
"equiseti, Anoecia, Macrosiphum"
"equiseticola, Aphis"
"eremuri, Dysaphis"
"ericae, Ericaphis"
"ericetorum, Acyrthosiphon"
"erigeronense, Uroleucon"
"erigeronensis, Prociphilus"
"erigeronis, Macrosiphoniella"
"erigerontis, Acuticauda, Aphis"
"eriogoni, Braggia"
"eriophori, Ceruraphis, Schizaphis scirpi ssp."
"eriosomatinum, Xerobion"
"eryngii, Helosiphon"
"eryngiiglomerata, Aphis"
"erysimi, Lipaphis, Pseudobrevicoryne"
"erythraea, Macrosiphoniella"
"esakii, Aulacorthum"
"escalantii, Uroleucon see erigeronense"
"esulae, Aphis"
"eteriae, Xerobion"
"euclypteata, Nietonafriella"
"eucollinae, Aphis"
"eulophiae, Sitobion"
"eumadiae, Uroleucon"
"euonymi, Aphis see evonymi"
"eupatoricolens, Uroleucon"
"eupatorifoliae, Uroleucon"
"eupatorii, Aphis, Macrosiphum see Uroleucon eupatorifoliae"
"euphorbiae, Acyrthosiphon, Aphis, Eonaphis, Macrosiphum, Trama"
"euphorbicola, Aphis"
"euphorbiellum, Macrosiphum"
"euphorbophagum, Aulacorthum"
"eurotiae, Brachycaudus"
"euryae, Ericolophium"
"eurymelaina, Iziphya"
"evansi, Eastopiella see Protaphis, Protaphis, Uroleucon compositae ssp."
"evelaeagni, Capitophorus see elaeagni"
"exsors, Aphis"
"extremiorientale, Acyrthosiphon"
"fagopyri, Anaulacorthum, Macrosiphum, Uroleucon"
"farsiana, Bicaudella"
"fatauae, Pemphigus"
"fataunae, Myzus"
"femorata, Macrosiphoniella"
"ferganica, Hyadaphis"
"ferulae, Anuraphis, Hyadaphis see galaganiae"
"festucae, Metopolophium"
"filaginea, Protaphis"
"filaginis, Pemphigus see populinigrae, Pleotrichophorus"
"filicis, Micromyzella, Myzus, Taiwanomyzus"
"filicium, Micromyzodium"
"filifoliae, Aphis, Pleotrichophorus"
"filipendulae, Aphis, Amphorophora"
"fimbriata, Ericaphis"
"flabella, Iziphya"
"flavescens, Protrama"
"flavidus, Brachyunguis see harmalae"
"floricola, Uroleucon"
"floridae, Macrosiphum"
"floridensis, Carolinaia"
"fluvialis, Aphis"
"foeniculi, Hyadaphis"
"foeniculivora, Aphis"
"foeniculus, Dysaphis"
"foliotus, Trichosiphonaphis see Loniceraphis paradoxa"
"folsomii, Aphis"
"forbesi, Aphis, Amphorophora"
"formicella, Trama see caudata"
"formosanum, Uroleucon"
"formosanus, Myzus, Periphyllus, Prociphilus"
"forsythiae, Amphicercidus, Trichosiphonaphis see polygonifoliae"
"foxtonensis, Allaphis"
"fragaefolii, Chaetosiphon"
"fragariaevescae, Acyrthosiphon"
"fragaricola, Hyalomyzus"
"fragilis, Polytrichaphis"
"fragum, Acyrthosiphon"
"franzi, Aphis, Defractosiphon, Neosappaphis"
"fraserae, Aphis"
"fraterna, Brevicoryne"
"frequens, Diuraphis"
"frigidae, Epameibaphis, Macrosiphoniella, Obtusicauda"
"frigidicola, Macrosiphoniella"
"frigidivora, Macrosiphoniella"
"frigidus, Chaitophorus see populeti"
"frisicum, Metopolophium"
"frisoni, Iowana, Myzocallis"
"fronki, Hyperomyzus see petiolaris"
"frutex, Therioaphis tenera ssp."
"fuchuense, Uroleucon"
"fueginus, Pentamyzus"
"fuentesi, Aphis"
"fukii, Aphis"
"fulvae, Catamergus"
"fumanae, Aphis"
"funestum, Macrosiphum"
"fungifera, Nevskya"
"funicularis, Aphis see Protaphis picridicola"
"funitecta, Adelges see tsugae, Aphis"
"furcata, Anoecia"
"fuscicornis, Macrosiphum, Pemphigus"
"fuscoviride, Metopeurum"
"galaganiae, Hyadaphis"
"galatellae, Macrosiphoniella"
"galeopsidis, Cryptomyzus"
"galii, Linosiphon"
"galiiscabri, Aphis"
"galijae, Acyrthosiphon"
"galinarium, Myzus see langei"
"galiophagum, Linosiphon"
"gallicola, Eumyzus"
"gallowayi, Aphis"
"gaoloushana, Macrosiphoniella"
"garganicus, Eulachnus see tuberculostemmatus"
"garnicai, Uroleucon"
"gaultheriae, Aphis"
"gaurae, Macrosiphum"
"gavarri, Pentalonia"
"gei, Amphorophora, Macrosiphum, Schizoneurella see Eriosoma japonicum"
"geniculatus, Adelges see under laricis"
"georgii, Xerobion see caspicae"
"geranicola, Cryptaphis"
"geranii, Amphorophora, Indoidiopterus, Macrosiphum"
"gerardiae, Aphis"
"gerardianae, Aphis"
"gerberae, Trichosiphonaphis"
"gigantiphagum, Uroleucon"
"glabrum, Chaetosiphon"
"glareosae, Aphis"
"glaricae, Indomyzus  NOMEN NUDUM"
"glauca, Pseudoepameibaphis"
"glaucii, Acyrthosiphon"
"glawatz, Macrosiphum"
"glechomae, Aulacorthum, Ovatus"
"glomeratae, Uroleucon see rapunculoidis"
"glyceriae, Sipha"
"glycines, Aphis"
"gmelini, Staticobium"
"gmelinicola, Macrosiphoniella"
"gnaphalii, Uroleucon"
"gnaphalodes, Pleotrichophorus"
"gnathalifoliae, Capitophorus"
"gnetuma, Aphis"
"gobica, Ephedraphis"
"gobonis, Uroleucon"
"gochnatiae, Uroleucon"
"godetiae, Myzus"
"grabhami, Rhopalomyzus"
"gracilicorne, Chaetosiphon"
"gracilicornis, Illinoia"
"gracilis, Cinara, Schizaphis"
"graeca, Aphidura"
"graminearum, Sitobion"
"graminiphaga, Chaetogeoica"
"graminiradicis, Mimeuria see Tetraneura nigriabdominalis"
"graminis, Anoecia, Colopha, Pentamyzus, Sitobion"
"graminisucta, Melanaphis"
"graminivora, Brachysiphoniella see montana"
"grandicauda, Macrosiphoniella"
"grandis, Aphis, Vesiculaphis"
"granotiae, Micromyzus see Kaochiaoja arthraxonis"
"grata, Aphis"
"gratiolae, Aphis"
"gravicorne, Uroleucon"
"gredina, Uroleucon"
"gregalis, Aphis"
"gregarius, Pleotrichophorus"
"grindeliae, Atarsos, Illinoia, Uroleucon"
"grosmannae, Aphis"
"grossulariae, Aphis, Eriosoma"
"grossum, Uroleucon"
"gutierrezis, Aphis, see Protaphis middletonii"
"gyamdaense, Delphiniobium"
"gynoxanthus, Capitophorus "
"gypsophilae, Aphis, Aphidura"
"handeliae, Dysaphis"
"harmalae, Brachyunguis"
"harmstoni, Ericaphis"
"haroi, Aphis"
"hartigi, Aphis see Protaphis terricola, Macrosiphum"
"hasanica, Aphis"
"hasanicum, Uroleucon"
"healyi, Aphis"
"hedysari, Aphis"
"heiei, Aphis, Nasonovia"
"heikinheimoi, Rhopalosiphoninus"
"heinzei, Coloradoa, Cryptomyzus"
"helenae, Uroleucon"
"helianthemi, Aphis"
"hellebori, Macrosiphum"
"hemerocallis, Myzus"
"henrystroyani, Dysaphis"
"heptapotamicum, Acyrthosiphon, Microsiphum see ptarmicae"
"heraclicola, Aphis"
"hermistonii, Aphis"
"herniariae, Aphis"
"hertae, Anthracosiphon"
"heterohirsuta, Tetraneura see yezoensis"
"heterohirsutus, Pleotrichophorus"
"heterotrichum, Chaetosiphon"
"heucherae, Nasonovia"
"hieracicola, Uroleucon"
"hieracii, Aphis, Hyperomyzus"
"hieracioides, Uroleucon"
"hierochlophaga, Schizaphis"
"hiltoni, Aphis"
"himalayana, Macrosiphoniella"
"hippophaetropis, Ceruraphis see Tenuilongaphis stata"
"hirakurensis, Matsumuraja"
"hirsuta, Cinara, Forda, Macrosiphoniella aktashica ssp., Tetraneura see fusiformis, Xerobion"
"hirsutirostris, Sitobion"
"hirsutissima, Brevisiphonaphis, Dysaphis, Forda"
"hirtellus, Atheroides"
"hirticorne, Chaetosiphon"
"hispanica, Aphis, Colopha"
"hissarica(-us), Betulaphis, Dysaphis, Klimaszewskia salviae ssp., Rhopalomyzus"
"hissaricum, Acyrthosiphon, Titanosiphon neoartemisiae ssp."
"hofmanni, Hydaphias see molluginis"
"hofuchui, Macrosiphoniella see abrotani"
"holboelliae, Sinonipponaphis"
"holci, Diuraphis, Schizaphis"
"holmani, Aphis, Impatientinum, Macrosiphum"
"holodisci, Aphis see cercocarpi, Macrosiphum"
"holsti, Ericolophium"
"horni, Capitophorus"
"hortobagyi, Xerobion"
"horvathi, Trama see caudata, Semiaphis"
"houghtonensis, Nasonovia"
"howlandae, Sitobion see leelamaniae"
"huaidensis, Macrosiphoniella"
"huculaki, Coloradoa see brevipilosa"
"hudsonicus, Capitophorus"
"humboldti, Utamphorophora"
"humilis, Hyalopteroides"
"humulariae, Neoantalus"
"humuli, Aphis, Phorodon"
"humulifoliae, Phorodon"
"humuliosum, Karamicrosiphum"
"humulisuctum, Metopolophium see Rhodobium porosum"
"hungarica, Therioaphis"
"huochengensis, Macrosiphoniella"
"hyaleae, Aphis see Protaphis terricola"
"hybrida, Allaphis"
"hydrangeae, Chakrabartiaphis, Rhopalosiphoninus, Tuberoaphis"
"hydrangi, Eumyzus"
"hydrophilus, Pemphigus"
"hymenocephali, Uroleucon"
"hyperici, Aphis"
"hypericiphaga, Aphis"
"hypericiradicis, Aphis"
"hypersiphonata, Schizaphis"
"hypochoeridis, Aphis, Uroleucon"
"ibarae, Sitobion"
"iberica, Coloradoa bournieri ssp., Nasonovia compositellae ssp."
"icelandicus, Myzus"
"ichigo, Aphis"
"ichigocola, Aphis"
"idaei, Aphis, Amphorophora"
"idahoensis, Cinara see louisianensis, Drepanaphis, Uroleucon"
"ignatii, Aphis see Protaphis terricola"
"ignotum, Acyrthosiphon"
"ilharcoi, Hallaphis, Israelaphis"
"ilka, Acyrthosiphon"
"illicius, Polytrichaphis"
"illini, Uroleucon"
"illinoisensis, Aphis"
"imaicus, Epipemphigus"
"imbricaria, Cachryphora"
"impatiens, Hydronaphis, Impatientinum"
"impatiensae, Eumyzus"
"impatiensicolens, Uroleucon"
"impatientis, Aphis, Macrosiphum"
"impatiphila, Aphis"
"impatiradicis, Aphis"
"imperata, Ceratovacuna"
"incanae, Spatulophorus"
"incerta, Aphis"
"incognita, Cedoaphis, Dysaphis"
"indicum, Sitobion"
"indicus, Chaitophorus, Eumyzus, Myzus"
"indosacchari, Melanaphis"
"inexspectatum, Macrosiphum"
"inflatus, Hyperomyzus"
"infrequens, Aphis"
"infrequenus, Pleotrichophorus"
"ingeborgae, Aphis"
"ingegardae, Iziphya"
"innokentyi, Cryptosiphum"
"inodorella, Coloradoa"
"inquilinus, Tamalia"
"insignata, Macrosiphoniella"
"insitus, Ovatus"
"insularum, Staticobium"
"intermedius, Eulachnus, Pleotrichophorus see pseudoglandulosus, Symydobius, Tuberculatus capitatus ssp."
"inthybi, Xerobion"
"intrusa, Aphis"
"intybi, Aphis"
"inulae, Capitophorus, Dysaphis, Indomasonaphis, Ovatus, Uroleucon"
"inulicola, Uroleucon"
"irae, Muscaphis escherichi ssp."
"iranensis, Aphidura, Aphis"
"iranica, Macrosiphoniella, Obtusicauda"
"iranicus, Brachycaudus, Longicaudus trirhodus ssp."
"ishkovi, Aphis"
"isodonis, Macrosiphum, Myzus"
"ispharinus, Pleotrichophorus glandulosus ssp."
"israelica, Ctenocallis"
"italica, Macrosiphoniella tanacetaria ssp., Phylloxera, Pterocomma"
"itoe, Ericolophium"
"ivae, Uroleucon"
"ivanoskajae, Macropodaphis see rechingeri"
"ixeridis, Aulacorthum, Macrosiphoniella"
"jaceae, Uroleucon"
"jaceicola, Uroleucon"
"jacetana, Aphis"
"jacobaeae, Aphis"
"jacobi, Brachycaudus, Chaetosiphon"
"jamatonica, Melanaphis"
"jammuensis, Nasonovia"
"janckei, Macrosiphoniella"
"janetscheki, Chaetosiphon"
"janischi, Aphis"
"japonicum, Eriosoma"
"japonicus, Adelges (see under laricis), Amphicercidus, Lachnus (see tropicalis), Mindarus, Trichaitophorus, Tuberculatus"
"jaroslavi, Macrosiphoniella, Schizaphis"
"jaroslaviholmani, Macrosiphoniella"
"jashenkoi, Turanoleucon"
"jasmini, Brachymyzus, Macrosiphum"
"javanica, Carolinaia, Nipponaphis"
"javanicum, Mollitrichosiphum (see niitakaensis), Sitobion "
"jazykovi, Microsiphum"
"jeanae, Macrosiphum"
"jianglense, Eutrichosiphum arunachali ssp."
"jianglensis, Cinara"
"jiayuguanensis, Brevicoryne"
"jimoi, Aphidura"
"jinghuali, Macrosiphoniella see oblonga"
"jopepperi, Capitophorus"
"jorgei, Lizerius"
"juchnevitchi, Xerobion"
"juchnevitschae, Myzaphis"
"judenkoi, Micromyzella, Xerobion"
"junackianum, Delphiniobium"
"jungarica, Lipaphis"
"jurineae, Aphis"
"jurineicola, Paczoskia"
"jussiaeae, Hyalomyzus"
"justiciae, Carolinaia"
"kachena, Nearctaphis"
"kalimeris, Chitinosiphon"
"kalimpongensis, Macrosiphoniella, Myzus, Pentalonia, Tetraneura see javensis"
"kalmiae, Neoamphorophora"
"kaltenbachi, Aphis see ononidis"
"kamijiensis, Subsaltusaphis lambersi ssp."
"kamtchatica, Aphis, "
"kamtshatica, Cavariella see pastinacae"
"kansugei, Colopha"
"karakumi, Atheroides"
"karatavica, Volutaphis"
"kareliniae, Protaphis, Macrosiphoniella"
"karzhantavicus, Cryptomyzus"
"kasachstanica, Metopeurum fuscoviride ssp."
"kathleenae, Essigella, Micromyzella"
"katoi, Micromyzus"
"katonica, Klimaszewskia"
"katonkae, Uroleucon"
"kaufmanni, Macrosiphoniella"
"kaussarii, Brachyunguis, Forda"
"kawatabiensis, Myzus"
"kazakhstanica, Chaitaphis"
"kazakhstanicum, Titanosiphon see minkiewiczi"
"keltoni, Tamalia see coweni"
"kenanae, Aphis see Protaphis terricola"
"kermanensis, Macrosiphoniella"
"kermanica, Therioaphis"
"kerriae, Aulacorthum"
"kesocqua, Amphorophora"
"khayami, Therioaphis"
"kheemothicola, Greenidea"
"khinganica, Macrosiphoniella "
"kickapoo, Catamergus"
"kienshuensis, Saltusaphis see scirpus"
"kikioense, Uroleucon"
"kikungshana, Macrosiphoniella"
"kiowanepum, Macrosiphum see valerianae"
"kirgisica, Macrosiphoniella, Uroleucon jaceicola ssp. "
"klimeschi, Aphis"
"klugkisti, Brachycaudus"
"knautiae, Aulacorthum, Macrosiphum"
"knechteli, Acyrthosiphon, Stomaphis"
"kochiae, Aphis see Xerobion eriosomatinum"
"kogomecola, Aphis"
"kolokasia, Gharesia see Patchiella reaumuri"
"kondoi, Acyrthosiphon, Coloradoa see viridis"
"kongoensis, Vesiculaphis"
"koreana, Melanaphis"
"kormion, Pterocomma see populeum"
"korschelti, Cryptomyzus"
"korshunovi, Aphis"
"koryakini, Dysaphis"
"kosarovi, Aphis"
"krizusi, Anoecia"
"krumbolzi, Dysaphis leefmansi ssp."
"kulinitschae, Trama"
"kulundensis, Macropodaphis see rechingeri"
"kumaoni, Eutrichosiphum, Greenidea see nipponica, Thoracaphis, Uroleucon"
"kumauni, Longicaudus"
"kundurensis, Therioaphis"
"kuraijensis, Macropodaphis see paradoxa"
"kurosawai, Aphis"
"kuwakusae, Micromyzodium"
"kuwanai, Aulacorthum, Greenidea, Prociphilus"
"kuwanais, Myzakkaia"
"kuwayamai, Macrosiphoniella"
"kvavadzei, Protaphis"
 
"lacheni, Metopolophium"
"laciniariae, Aphis"
"laconae, Rhopalosiphum see enigmae"
"lactucae, Acyrthosiphon, Hyperomyzus"
"lactucicola, Aphis see Protaphis, Myzus, Protaphis, Uroleucon"
"laevigata, Hybothoracaphis"
"lagacei, Megourina, Pleotrichophorus"
"lagerstroemiae, Myzus see persicae"
"laingi, Amphorophora ampullata ssp., Schizaphis see nigerrima"
"lambi, Macrosiphum"
"lamii, Brachycaudus"
"lamiorum, Aphis"
"lampeli, Wahlgreniella see nervata"
"lampsanae, Hyperomyzus"
"lanceolatum, Uroleucon"
"langei, Aulacorthum, Myzus"
"langloisi, Therioaphis"
"langzhouensis, Cinara cupressi ssp."
"laniger, Amphicercidus"
"lanigera, Ceratovacuna"
"laporteae, Hydronaphis"
"lappae, Dysaphis"
"lapponicum, Macrosiphum"
"largispiracula, Cavariella"
"laseri, Macrosiphum"
"lasiocarpae, Saltusaphis see scirpus"
"latifoliae, Staticobium, Tinocallis"
"latifrons, Ericaphis"
"latysiphon, Macrosiphoniella atra ssp., Rhopalosiphoninus"
"laurestanica, Bicaudella"
"lazikouensis, Tuberocephalus"
"lazoica, Macrosiphoniella"
"lebanonense, Uroleucon"
"ledi, Neoamphorophora"
"leefmansi, Dysaphis"
"leegei, Juncobia"
"leelamaniae, Sitobion"
"lefroyi, Myzus"
"leleji, Acyrthosiphon"
"lena, Macrosiphoniella see dimidiata"
"lentisci, Aploneura"
"leontodontis, Aphis, Uroleucon"
"leontopodiicola, Uroleucon"
"leonurae, Acyrthosiphon"
"leonuri, Cryptomyzus"
"lepidii, Dysaphis vandenboschi ssp., Lipaphis"
"leptotrichus, Myzus see formosanus"
"lespedezae, Megoura"
"letsoniae, Brachyunguis"
"leucanthemi, Macrosiphoniella"
"leucocrini, Abstrusomyzus"
"leucopogonis, Ceriferella"
"leucosceptri, Subovatomyzus"
"levantina, Hyadaphis"
"levipes, Micromyzodium"
"lhasaensis, Aphis"
"libanotidis, Dysaphis"
"lidiae, Macrosiphoniella"
"ligulariae, Aphis, Dysaphis"
"ligularicola, Aulacorthum"
"ligusticae, Aphis"
"liliago, Aphis see antherici"
"lilii, Ericaphis, Macrosiphum"
"liliophaga, Aphis"
"limonicola, Aphis"
"limonii, Staticobium"
"linanense, Cryptosiphum artemisae ssp."
"linariae, Brachycaudus, Macrosiphoniella, Myzus"
"lindae, Aphis"
"lini, Aphis, Linaphis"
"linisuctum, Acyrthosiphon see ilka"
"linorum, Aphis"
"lippiae, Aphis"
"liriopes, Hydronaphis"
"lisae, Macrosiphum"
"litanensis, Capitophorus"
"litoralis, Megoura, Therioaphis"
"littorale, Uroleucon see tucumani"
"littoralis, Sipha"
"lizerianum, Uroleucon ambrosiae ssp."
"llhasana, Cavariella see aegopodii"
"lobkovae, Acyrthosiphon"
"longianus, Prociphilus"
"longicauda, Aspidophorodon, Braggia, Obtusicauda see moldavica"
"longicaudata, Schizaphis"
"longicaudatum, Metopolophium"
"longinectarius, Pleotrichophorus"
"longini, Aphis"
"longipes, Chaitophorus, Paczoskia, Pleotrichophorus"
"longirostrata, Aphis see longirostris, Macrosiphoniella see altaica"
"longirostratum, Macrosiphum"
"longirostre, Uroleucon"
"longisetis, Thripsaphis ballii ssp."
"longisetosum, Acaudinum, Staticobium, Uroleucon"
"longisetosus, Chaitophorus, Rhopalosiphoninus"
"longissima, Semiaphis"
"longitarsus, Protrama"
"longituba, Aphis"
"longituberculatus, Aspidophorodon"
"longius, Uroleucon campanulae ssp."
"longqishanense, Meguroleucon see Uroleucon monticola"
"longqishanensis, Tuberocephalus see Myzus padellus"
"lonicerae, Amphicercidus, Prociphilus, Rhopalomyzus, Trichosiphonaphis"
"lonicericola, Alphitoaphis, Amphicercidus, Neorhopalomyzus"
"lonicerina, Brachycorynella, Brevicoryne"
"lonicerisuctus, Neorhopalomyzus"
"lopatini, Macrosiphoniella"
"loranthi, Sitobion, Tuberaphis"
"loranthicola, Tuberaphis see takenouchii"
"loti, Aphis, Acyrthosiphon, Therioaphis"
"lotiradicis, Aphis"
"louisae, Ericaphis"
"lucifugus, Brachycaudus"
"ludovicianae, Macrosiphoniella"
"lugentis, Aphis"
"lupinehansoni, Aphis"
"lupini, Aphis"
"lupoi, Aphis"
"luppovae, Thecabius see lysimachiae"
"lupuli, Aphis"
"luteola, Therioaphis"
"luteolum, Uroleucon"
"lutescens, Evallocotaphis see Myzodium, Myzodium, Oregma see Astegopteryx bambusae"
"luteum, Sitobion"
"luzulella, Melanaphis"
"luzuriagae, Aphis"
"lychnicola, Brachycaudus"
"lychnidis, Brachycaudus"
"lycii, Brachyunguis"
"lycoctoni, Delphiniobium"
"lycopi, Ovatus see insitus"
"lycopicola, Aphis"
"lydiae, Berberidaphis"
"lysimachiae, Aphis, Thecabius"
"mackaueri, Iziphya"
"macolai, Uroleucon"
"macrosiphon, Uroleucon"
"macrosoleni, Tuberaphis"
"maculatus, Macromyzus"
"maculocorpus, Myzus see obtusirostris"
"madderae, Aphis"
"madia, Uroleucon"
"magnautensus, Pleotrichophorus"
"magnopilosa, Aphis"
"maianthemi, Rhopalosiphoninus"
"maidiradicis, Protaphis see middletonii"
"majanthemi, Aulacorthum"
"malarguense, Uroleucon"
"malhalhiuina, Aphis"
"malina, Dysaphis brancoi ssp."
"malkovskii, Cryptomyzus"
"malvae, Acyrthosiphon, Brachycaudus"
"mamonthova, Aphis"
"maritima, Dysaphis, Trama"
"marthae, Aphis"
"martinezi, Aphis"
"martini, Plocamaphis, Uroleucon"
"masoni, Aphis, Illinoia"
"massagetica, Aphidura, Chaetosiphella"
"mastichinae, Aphis"
"matatum, Sitobion"
"matilei, Aphis, Acyrthosiphon"
"matricariae, Aphis, Metopeurum"
"matthiolae, Lipamyzodes"
"maudamanti, Cryptomyzus"
"mawphlangensis, Micromyzus"
"maxima, Illinoia"
"maximilianicola, Uroleucon"
"maxsoni, Cedoaphis, Georgiaphis see Eriosoma mimicum"
"maydis, Sipha"
"medicaginis, Aphis"
"medvedevi, Macrosiphoniella"
"meixneri, Macrosiphum"
"melantherae, Ipuka"
"melosae, Aphis"
"mendocinum, Uroleucon"
"menthae, Cryptaphis"
"menthaeradicis, Protaphis see middletonii"
"mentharius, Ovatus"
"mentzeliae, Macrosiphum"
"menziesiae, Illinoia"
"meridensis, Microparsus venezuelensis ssp."
"mertensiae, Macrosiphum"
"mesasiatica, Coloradoa"
"mesosphaeri, Macrosiphum"
"mexicana, Diuraphis, Muscaphis"
"mexicanum, Uroleucon"
"microspinulosum, Sitobion"
"middletonii, Protaphis"
"mierae, Uroleucon"
"miestingeri, Macrosiphoniella"
"miho, Macrosiphum"
"mikaniae, Aleurodaphis"
"milii, Sitobion"
"millefolii, Macrosiphoniella, Metopeurum, Microsiphum"
"milleri, Tamalia"
"mimuli, Aphis"
"mimulicola, Myzodium"
"minatii, Macrosiphum"
"minensis, Allocotaphis see quaestionis, Micromyzodium clinopodii ssp. see Chaetosiphon hirticorne, Nipponaphis, Thecabius orientalis spp. see Thecabius affinis"
"mingens, Aphidura see picta"
"minkiewiczi, Titanosiphon"
"minor, Chaetosiphon, Uroleucon"
"minosmartelli, Uroleucon"
"minus, Microsiphum see nudum"
"mira, Chomaphis"
"mirae, Anoecia"
"miranda, Protaphis"
"mirifica, Aphis"
"mitchellensis, Hyalomyzus"
"mitegoni, Capitophorus "
"mitjaevi, Turanoleucon"
"mizutakarashi, Aphis"
"mizzou, Aphis"
"modestum, Myzodium"
"mohelnensis, Aphis"
"moiwaensis, Semiaphis"
"moldavica, Obtusicauda"
"molluginis, Aphis, Hydaphias"
"moltshanovi, Acyrthosiphon"
"monardae, Aphis, Hyalomyzus"
"mongolica, Aphis, Cinara, Hyadaphis, Obtusicauda, Smiela"
"mongolicum, Uroleucon"
"monstratus, Brachyunguis"
"monstrifica, Colophina"
"montana, Brachysiphoniella, Melanaphis, Nasonovia muesbecki ssp., Pseudoregma, Pterocallis, Sappaphis see sinipiricola, Tinocalloides"
"montanivorum, Uroleucon"
"montanum, Acyrthosiphon ilka ssp., Metopolophium"
"montanus, Capitophorus, Taiwanomyzus"
"monticola, Uroleucon"
"monticulum, Pterocomma see yezoense"
"monzeni, Sinonipponaphis  see formosana"
"moralesi, Coloradoa"
"mordvilkoi, Acyrthosiphon see ilka, Aphidura, Aphis fabae ssp., Brachycaudus, Chaitophorus, Cinara, Cryptosiphum, Diphyllaphis, Dysaphis, Forda see hirsuta and pawlowae, Iziphya, Macrosiphum, Pemphigus, Sinochaitophorus, Slavum"
"moriokae, Myzus"
"mosana, Hydaphias"
"mucatha, Sitobion"
"muehlei, Diuraphis"
"muelleri, Chaetosiphon"
"muermosum, Uroleucon"
"muesbecki, Nasonovia"
"muhlenbergiae, Schizaphis"
"mukhamedievi, Metopolophium"
"mulgedii, Uroleucon"
"mulguraeae, Aphis"
"mulini, Aphis"
"mulinicola, Aphis"
"multicoma, Forda see orientalis"
"multiflorae, Aphis"
"multiglandula, Ceratovacuna"
"multipilosum, Macrosiphum"
"multipilosus, Cryptomyzus"
"munirae, Dysaphis"
"murale, Uroleucon"
"musci, Muscaphis"
"mutellinae, Macrosiphoniella"
"mutini, Aphis"
"myohyangsani, Macrosiphoniella"
"myopori, Aphis"
"myosotidis, Myzus"
"myriopteroni, Aulacorthum"
"myrsinitidis, Aphis"
"myrtilli, Pachypappa"
"nabali, Hyperomyzus"
"nairi, Dysaphis anisoidis ssp."
"napelli, Brachycaudus"
"narzikulovi, Aphis, Dysaphis, Pleotrichophorus. Rhopalomyzus, Trama see caudata"
"nasensis, Eutrichosiphum"
"nasonovi, Macrosiphum"
"natricis, Therioaphis"
"necopinata, Staegeriella"
"neerlandicum, Acyrthosiphon see euphorbiae"
"neilliae, Aphis"
"nelsonensis, Aphis"
"nemoralis, Anoecia see furcata"
"neoartemisiae, Titanosiphon"
"neoartemisiphila, Aphis"
"neocampanulae, Uroleucon"
"neomonardae, Aphis"
"neonewtoni, Aphis"
"neopolygoni, Akkaia, Aphis "
"neospiraeae, Aphis"
"neosporadicus, Pleotrichophorus see sporadicus"
"neostroyani, Dysaphis"
"neotattakanum, Eutrichosiphum see russellae"
"neothalictri, Aphis"
"neothesii, Aphis"
"nepetae, Aphis, Berberidaphis see Eucarazzia elegans"
"nepetifolii, Aulacorthum"
"nephrelepidis, Idiopterus"
"netuba, Longicaudus, Netubusaphis see Longicaudus"
"neusi, Sitobion"
"nevadense, Uroleucon"
"nevskyi(i), Aphis, Brachyunguis, Periphyllus, Staticobium see otolepidis, Tinocallis, Xerophilaphis see Brachyunguis"
"nevskyana, Aphis"
"newskyi, Dysaphis"
"newtoni, Aphis"
"nicolaiae, Pseudoregma"
"niger, Hyperomyzus, Micromyzus"
"nigerrima, Schizaphis"
"nigricornis, Hyperomyzus"
"nigrinectarium, Sitobion"
"nigripunctatum, Ericolophium"
"nigrisiphunculata, Brevicoryne"
"nigrocampanulae, Uroleucon"
"nigrocaudata, Cavariella"
"nigromaculosum, Eomacrosiphum"
"nigronervosa, Pentalonia"
"nigropilosa, Macrosiphoniella see atra"
"nigrotibiae, Indomegoura"
"nigrotibium, Uroleucon"
"nigrotuberculatum, Uroleucon"
"niitakensis, Myzakkaia"
"nikolajevi, Macrosiphoniella"
"nilkaensis, Obtusicauda see moldavica"
"ninae, Myzus"
"ninguidum, Ericolophium"
"nipponicum, Micromyzodium, Neoaulacorthum see Pseudomegoura nipponica"
"nitida, Macrosiphoniella"
"nivalis, Aphis, Nasonovia"
"niwanistum, Macrosiphum"
"nodulum, Uroleucon"
"nokuli, Eumyzus"
"nolitangere, Semiaphis"
"nomadica, Aphidura"
"nonveilleri, Aphis"
"noxia, Diuraphis"
"nubilimaculata, Vesiculaphis"
"nuble, Uroleucon"
"nudicauda, Aphis"
"nuditerga, Matsumuraja"
"nudum, Microsiphum"
"oblonga, Macrosiphoniella"
"obscura, Aphis helianthemi ssp., Carolinaia, Cinara, Cinara (Schizolachnus), Therioaphis, Yamatocallis"
"obscuratus, Pleotrichophorus"
"obscuricaudatum, Uroleucon"
"obscurum, Uroleucon"
"obtecta, Paczoskia"
"occidentale, Acyrthosiphon caraganae ssp."
"occidentalis, Adelges (see piceae), Boernerina, Cinara, Macrosiphum, Myzocallis, Nasonovia houghtonensis ssp., Nearctaphis crataegifoliae ssp."
"ochrocentri, Bipersona"
"ochropus, Aphis, Uroleucon"
"odorikonis, Aphis"
"oelandica, Ossiannilssonia"
"oenanthi, Cavariella"
"oestlundi, Aphis, Gypsoaphis, Pleotrichophorus"
"oettingenii, Iziphya see bufo"
"oezdemeri, Myzaphis"
"ogilviei, Aphis"
"ohatensis, Macrosiphoniella"
"ohioensis, Pleotrichophorus"
"olgae, Macrosiphoniella"
"oligommata, Aphis"
"olivei, Microparsus, Uroleucon"
"oliveri, Neotoxoptera"
"olmsteadi, Macrosiphum"
"omeishanense, Uroleucon"
"omeishanensis, Paraphorodon"
"onagraphaga, Aphis see pollinaria"
"ononidis, Aphis, Therioaphis"
"ononis, Acyrthosiphon"
"orangii, Aphis thalictri ssp."
"orchidacearum, Sitobion"
"orchidearum, Cerataphis"
"orchidis, Aphis"
"oredonense, Macrosiphum"
"oregonense, Macrosiphum"
"oreoselini, Dysaphis"
"orientale, Chaetosiphon alpestre ssp., Uroleucon"
"origani, Aphis"
"ornata, Aphidura, Aphis, Liosomaphis, Subsaltusaphis"
"ornatella, Aphidura"
"orobanches, Aphis, Trama"
"orocantabrica, Aphis"
"oronensis, Macrosiphoniella"
"orphnophlebos, Hyalomyzus"
"orthocarpus, Macrosiphum"
"osmaroniae, Macrosiphum"
"osmundae, Micromyzus"
"ossiannilssoni, Dysaphis newskyi ssp., Allaphis, Wahlgreniella"
"otolepidis, Staticobium"
"ouraplax, Akkaia see Trichosiphonaphis polygoni"
"ovalifolii, Ericolophium"
"oxytropiradicis, Aphis"
"oxytropis, Aphis"
"pachysiphon, Braggia urovaneta ssp."
"pachysiphon, Macrosiphum, Uroleucon"
"packi, Pleotrichophorus"
"paczoskii, Paczoskia"
"padiformis, Rhopalosiphum"
"paektusani, Macrosiphum"
"pallidipes, Cinara see obscura, Greenidea, Macrosiphoniella"
"pallidum, Eutrichosiphum, Macrosiphum "
"pallidus, Brachycaudus, Hyperomyzus, Periphyllus, Pleotrichophorus quadritrichus ssp., Tuberculatus"
"paludicola, Aphis"
"paludum, Sitobion"
"palustre, Aulacorthum"
"palustris, Aphis see paludicola, Schizaphis"
"pamirica, Aphidura picta ssp., Chaetosiphella see stipae, Eichinaphis, Macrosiphoniella nigropilosa ssp. (see atra), Trama see maritima"
"paniceae, Subsaltusaphis"
"panici, Ceratovacuna"
"panicola, Pseudoregma"
"paniculatae, Caricosipha"
"panicumi, Paracletus cimiciformis ssp."
"pannonica, Aphidura, Xerobion"
"panzeriae, Aphis"
"papaverinum, Acyrthosiphon see ilka"
"papaverisucta, Myzus see persicae"
"papaverisuctum, Acyrthosiphon, Impatientinum see Acyrthosiphon"
"papillatum, Sitobion"
"papillicauda, Lehrius"
"papillosa, Aphis"
"paqueti, Illinoia"
"paradisicum, Meringosiphon"
"paradoxa, Aphis, Coloradoa, Loniceraphis, Macropodaphis, Macrosiphoniella, Neosappaphis"
"paraoblonga, Macrosiphoniella see oblonga"
"parasonchi, Uroleucon see sonchi"
"paravanoi, Aphis"
"paraverbasci, Aphis see raji"
"pareuphorbiae, Acyrthosiphon "
"parietariae, Aphis"
"parilis, Pleotrichophorus"
"parthenocissi, Greenidea, Neomyzus, Neothelaxes"
"parva, Cinara (Schizolachnus), Hyadaphis"
"parvae, Rhopalosiphum"
"parviflori, Amphorophora"
"parvifolii, Macrosiphum"
"parvotuberculatum, Uroleucon"
"parvulum, Aulacorthum see vaccinii, Eutrichosiphum"
"parvum, Acyrthosiphon"
"pashtshenkoae, Aphis, Schizaphis"
"pasqualei, Uroleucon jaceicola ssp."
"passeriniana, Aphis"
"patagonica, Aphis"
"patagonicum, Uroleucon"
"patonkus, Pleotrichophorus"
"patonkusellus, Pleotrichophorus"
"patriniae, Aphis"
"patrinicola, Aphis"
"patriniphila, Aphis"
"patvaliphaga, Aphis"
"paucisetosa, Macrosiphoniella"
"paucosensoriatum, Uroleucon"
"pauliani, Eonaphis, Sitobion"
"pavlovski, Aphis"
"pawtincae, Amphorophora"
"payuniense, Uroleucon"
"pediculariphaga, Aphis"
"pedicularis, Cyrtomyzus see Myzus padellus"
"penderum, Uroleucon"
"penecaeca, Trama"
"penfroense, Macrosiphum"
"pennsylvanica, Macrosiphoniella, Thripsaphis ballii ssp."
"penstemonicola, Aphis see pentstemonicola"
"pentatrichopus, Acyrthosiphon"
"pentstemonicola, Aphis"
"perglandulosa, Ceratovacuna"
"perillae, Aulacorthum, Macrosiphum"
"periplocophila, Aphis"
"pernilleae, Aphis"
"persequens, Macrosiphoniella"
"persica, Davatchiaphis"
"petiolaris, Hyperomyzus"
"peucedani, Acyrthosiphon nigripes ssp., Aphis, Brachyunguis, Dysaphis"
"peucedanicarvifoliae, Aphis"
"phacelia, Illinoia"
"phaceliae, Aphis"
"philadelphi, Glendenningia, Myzus"
"philadelphicola, Aphis"
"philippinense, Anomalosiphum"
"phlei, Schizaphis"
"phlojodicarpi, Aphis"
"phloxae, Abstrusomyzus"
"phyteumae, Uroleucon"
"picridicola, Aphis, Protaphis see Aphis"
"picridiphagum, Uroleucon"
"picridis, Aphis, Hyperomyzus, Uroleucon"
"pieloui, Uroleucon"
"pieridis, Vesiculaphis"
"pileae, Myzus"
"pileophaga, Kaochiaoja see Micromyzodium kuwakusae"
"pilipes, Schizaphis"
"pilosa, Pachypappa"
"pilosellae, Aphis, Nasonovia, Uroleucon"
"pilosicauda, Aphis"
"pilosotuba, Gredinia"
"pinawae, Illinoia"
"pirolacearum, Aulacorthum"
"pisivorum, Acyrthosiphon see phaseoli"
"plantagifoliae, Dysaphis see plantaginea"
"plantaginis, Aphis, Brachycaudus, Dysaphis"
"platicaudum, Amegosiphon"
"platycaryae, Mesocallis"
"platycerii, Micromyzus"
"platylobii, Aphis"
"plectranthi, Myzus see Eumyzus clinopodii, Sitobion"
"pleurospermi, Aphis"
"plotnikovi, Brachyunguis see harmalae"
"poacyni, Aphis"
"poacynophila, Brachyunguis"
"poae, Cryptaphis, Rhopalomyzus"
"pocosinus, Hyalomyzus"
"podagrariae, Aphis"
"poikila, Blanchardaphis"
"pojanii, Micromyzus"
"polanense, Macrosiphum"
"polaris, Aphis, Myzus"
"polemonii, Nasonovia"
"polemoniradicis, Aphis"
"polii, Aphis"
"pollinaria, Aphis"
"polonica, Hyadaphis"
"polunini, Gharesia"
"polychorema, Tetraneura"
"polygonacea, Aphis"
"polygonata, Aphis"
"polygoni, Akkaia, Tricaudatus, Trichosiphonaphis"
"polygonicola, Myzakkaia"
"polygonifoliae, Trichosiphonaphis"
"polygoniformosanus, Trichosiphonaphis"
"polypodicola, Macromyzella"
"polypodii, Micromyzodium"
"polytricha, Thripsaphis"
"ponomarenkoi, Aphis"
"ponticae, Coloradoa"
"popovi, Aphis"
"populiconduplifolius, Thecabius see affinis"
"porosiphon, Aspidaphis"
"porosum, Rhodobium"
"porrifolii, Acyrthosiphon"
"potaninilaricis, Adelges see under laricis"
"potentillae, Aphis, Chaetosiphon, Macrosiphum"
"potentillicaulis, Macrosiphum see valerianae"
"poterii, Aphis sanguisorbae ssp."
"poterii, Acyrthosiphon malvae ssp."
"potha, Acyrthosiphon malvae ssp."
"pothophila, Cerataphis"
"praecellens, Obtusicauda dolychosiphon ssp."
"praecocis, Sipha"
"praeterita, Aphis"
"prasinum, Aulacorthum see solani"
"prenanthidis, Macrosiphum"
"primigenius, Macropodaphis"
"primoriensis, Subsaltusaphis"
"primulus, Neomyzus"
"prinsepiae, Aphidura see mordvilkoi"
"priori, Schizaphis"
"procerae, Coloradoa, Macrosiphoniella, Microsiphum"
"producta, Allaphis"
"proffti, Aphis"
"psammae, Laingia"
"psammophila, Aphis"
"pseudambrosiae, Uroleucon"
"pseudeuphorbiae, Aphis"
"pseudoacaciae, Aphis craccivora ssp."
"pseudoalupecuri, Sitobion see alopecuri"
"pseudoartemisiae, Macrosiphoniella"
"pseudobrassicae, Lipaphis"
"pseudobscurum, Uroleucon"
"pseudocardui, Protaphis"
"pseudocomosa, Aphis"
"pseudocytisorum, Aphis"
"pseudodirhodum, Ayrthosiphon"
"pseudogeranii, Macrosiphum"
"pseudoglandulosus, Pleotrichophorus"
"pseudoluteum, Sitobion"
"pseudomolli, Dysaphis"
"pseudomuermosum, Uroleucon"
"pseudonudus, Lachnus"
"pseudopaludicola, Aphis"
"pseudopatonkus, Pleotrichophorus"
"pseudopolygoni, Akkaia"
"pseudopulchella, Aphis"
"pseudosensoriata, Viburnaphis see viburnicola"
"pseudotanaceti, Uroleucon"
"pseudovalerianae, Aphis"
"pskovica, Anoecia"
"ptarmicae, Macrosiphoniella, Microsiphum, Uroleucon"
"ptericolens, Macrosiphum"
"pteridis, Macrosiphum, Mastopoda"
"pteridophytorum, Gibbomyzus"
"pterinigrum, Aulacorthum"
"pterisoides, Micromyzella"
"pterocaryae, Stomaphis"
"pteroceltis, Shivaphis"
"pteromaculata, Therioaphis"
"puchovi, Acaudella"
"puertoricensis, Microparsus"
"pujoli, Aphidura"
"pulchella, Aphis"
"pulcherimum, Macrosiphum"
"pulchra, Subsaltusaphis see taoi"
"pulegii, Aphis"
"pulicariae, Uroleucon"
"pullatus, Hyperomyzus"
"pullus, Pleotrichophorus"
"pulmonariae, Amphorosiphon"
"pulsatillae, Aphis see montanicola"
"pulsatillaephaga, Aphis"
"pulsatillicola, Aphis"
"pulvera, Macrosiphoniella"
"pulverina, Dysaphis"
"purpurascens, Nasonovia"
"purshiae, Acyrthosiphon "
"pycnorhysus, Pleotrichophorus"
"pyrethri, Microsiphum, Uroleucon"
"qinghaiense, Uroleucon see Sitobion fragariae"
"quadritrichus, Pleotrichophorus"
"quednaui, Carolinaia see Rhopalomyzus lonicerae, Euceraphis, Symydobius"
"quinifontana, Macrosiphoniella"
"rabotkinae, Semiaphis"
"radiciphaga, Anoecia"
"radicis, Protrama"
"radicivorans, Dysaphis"
"raji, Aphis"
"ramona, Aphis"
"ranunculicola, Thelazacallis see Thecabius affinis"
"ranunculina, Tubaphis"
"ranunculum, Acyrthosiphon"
"rapunculoidis, Uroleucon"
"rarissima, Macrotrichaphis"
"raysmithi, Macrosiphum"
"rechingeri, Macropodaphis"
"rectisiphon, Ericolophium"
"remaudieri, Aphis see solanella"
"renjifoanae, Aphis"
"reticulatus, Abstrusomyzus, Uroleucon see jaceae"
"reynoldense, Uroleucon"
"rezwanii, Myzaphis"
"rhapidis, Astegopteryx"
"rhei, Brachyunguis"
"rheicola, Aphis, Dysaphis see emicis"
"rhinanthi, Hyperomyzus"
"rhodesiensis, Hallaphis"
"rhododendri, Chaetomyzus, Ericolophium, Illinoia, Sinomegoura, Vesiculaphis"
"rhododendris, Neomasonaphis see Ericolophium holsti"
"rhododendronitos, Rostratusaphis  "
"rhododendrophila, Chaetomyzus"
"rhokalaza, Illinoia"
"rhusifoliae, Carolinaia"
"rhynchosiae, Microparsus"
"ribesinus, Rhopalosiphoninus"
"ribicola, Aphis"
"ribiellus, Hyperomyzus"
"ribifolii, Nasonovia"
"ribis, Cryptomyzus"
"ribisnigri, Nasonovia"
"richardsi, Uroleucon"
"riedeli, Macrosiphoniella"
"riehmi, Therioaphis"
"rinariatus, Brachycaudus"
"riojanum, Uroleucon"
"ripariae, Aphis"
"riparium, Uroleucon"
"roberti, Aphis"
"robinsoni, Nasonovia wahinkae ssp., Uroleucon"
"rociadae, Brachycaudus"
"rockspirea, Acyrthosiphon"
"rogersii, Acyrthosiphon malvae ssp."
"roripae, Aphis"
"rosae, Aphiduromyzus, Macrosiphum, Pseudocercidus"
"rosaeiformis, Sitobion"
"rosaesuctum, Metopolophium"
"rosarum, Myzaphis"
"rosivorum, Sitobion"
"rossi, Amphorophora, Lipaphis"
"rossneri, Subsaltusaphis"
"rostellum, Aphis see umbrella"
"rostrata, Bicaudella, Cryptaphis, Indiaphis, Nasonovia"
"rotalis, Dysaphis see plantaginea"
"roumanicum, Acaudinum"
"rubea, Matsumuraja"
"rubi, Ayrthosiphon, Amphorophora, Maculolachnus, Matsumuraja"
"rubiae, Aphis"
"rubiarctici, Macrosiphum"
"rubicola, Illinoia, Matsumuraja"
"rubicolens, Aphis"
"rubicumberlandi, Amphorophora"
"rubida, Pseudacaudella"
"rubifoliae, Acyrthosiphon, Matsumuraja, Metopolophium see Acyrthosiphon"
"rubifolii, Aphis"
"rubiformosanum, Microlophium"
"rubiphila, Matsumuraja"
"rubiradicis, Aphis, Pemphigus"
"rubitoxica, Amphorophora"
"ruborum, Aphis"
"rudbeckiae, Uroleucon"
"rudbeckiarum, Macrosiphum"
"ruderalis, Lipaphis"
"rufomaculata, Coloradoa"
"rufula, Schizaphis"
"rufum, Aulacorthum"
"rukavishnikovi, Aphis"
"rumbleboredomia, Aphthargelia"
"rumecicola, Dysaphis"
"rumexicolens, Brachycaudus"
"rumicis, Acyrthosiphon, Aphis, Indomasonaphis"
"rumicivora, Aphis "
"rusticatus, Pleotrichophorus see pullus"
"rutae, Protaphis "
"ruthenica, Paczoskia paczoskii ssp."
"ruykyuense, Myzosiphum"
"sabihae, Metopolophium"
"sacchari, Melanaphis"
"sachalinensis, Macrosiphoniella"
"safavii, Chaitaphis"
"sainshandi, Macrosiphoniella abrotani ssp."
"sajramugamicus, Cryptomyzus"
"salebrosa, Nasonovia"
"salicinae, Brachycaudus"
"salsolacearum, Brachyunguis"
"salsolae, Aphis"
"sampsoni, Nasonovia, Nevadaphis"
"sanborni, Macrosiphoniella"
"sandilandicus, Hyperomyzus"
"sanguisorbae, Acyrthosiphon, Aphis"
"sanguisorbicola, Aphis"
"saniculae, Aphis"
"santolinae, Coloradoa"
"santolinifoliae, Macrosiphoniella"
"sarothamni, Aphis cytisorum ssp."
"sasammi, Codonopsimyzus"
"saussureae, Acyrthosiphon, Macrosiphoniella, Uroleucon, Radiaphis see Chitinosiphon abdomenigrum"
"saussurearadicis, Aphis"
"saxaulica, Brachyunguis"
"saxifragae, Cavariella, Nasonovia"
"scabra, Allaphis"
"scabripes, Amphorophora"
"scalare, Acyrthosiphon"
"scammelli, Ericaphis"
"scariolae, Acyrthosiphon"
"schilderi, Aphis"
"schoelli, Sitobion"
"schusteri, Volutaphis"
"scirpi, Aulacorthum, Schizaphis, Carolinaia"
"scirpicola, Schizaphis"
"sclerodensus, Protrama longitarsus ssp."
"sclerodorsi, Aulacorthum"
"scoliopi, Ericaphis"
"scopariae, Coloradoa, Macrosiphoniella"
"scorzonerae, Protaphis, Uroleucon"
"scoticum, Sitobion"
"scrophulariae, Hyalomyzus see monardae, Uroleucon"
"scurrulae, Tuberaphis"
"sedens, Aulacorthum"
"sedi, Aphis, Brachycaudus"
"sediradicis, Aphis"
"sejuncta, Macrosiphoniella"
"selini, Aphis"
"selinumi, Dysaphis"
"sempervivae, Aphis"
"seneciocola, Uroleucon"
"seneciocrepiphaga, Aphis"
"senecionicoides, Aphis"
"senecionis, Aphis"
"senecionisdoriae, Aphis see jacobaeae"
"senecioradicis, Aphis"
"sensoriata, Amphorophora, Nearctaphis, Thripsaphis"
"sensoriataeuphorbiae, Aphis"
"sensorinuda, Macrosiphoniella see lijiangensis"
"septentrionalis, Aphis"
"seriphidii, Macrosiphoniella"
"serotinae, Cachryphora"
"serpylli, Aphis"
"serratularadicis, Aphis"
"serrulatus, Atheroides"
"seselii, Aphis, Dysaphis, Semiaphis dauci ssp."
"setaricola, Colopha"
"shanxiensis, Tenuilongaphis stata ssp., Tetraneura see nigriabdominalis"
"shinanonum, Acyrthosiphon"
"sibiricum, Microlophium"
"siculum, Uroleucon"
"siegesbeckicola, Myzus"
"sierra, Aphis"
"sieversianae, Cryptosiphum, Macrosiphoniella"
"sii, Ammiaphis, Paramyzus"
"sijpkensi, Maculolachnus, Uroleucon"
"sikhotealiensis, Macrosiphoniella"
"sikhotealinicus, Parachaitophorus"
"sikkimartemisiae, Macrosiphoniella"
"sikkimensis, Akkaia,  Betacallis, Carolinaia see Vesiculaphis, Geoica, Greenidea, Kaochiaoja, Tetraneura see yezoensis, Vesiculaphis "
"silaumi, Aphis"
"sileneobium, Uroleucon"
"silenephaga, Aphis"
"sileneum, Macrosiphum see stellariae"
"silenicola, Aphis"
"silvaticum, Macrosiphum see knautiae"
"silvestrii, Macrosiphoniella"
"simile, Uroleucon"
"similialticola, Eulachnus"
"similifungifera, Nevskya see fungifera"
"similioblonga, Macrosiphoniella see oblonga"
"similiradiciphaga, Anoecia"
"simlaense, Metopolophium see chandrani, Uroleucon"
"sinensis, Subsaltusaphis see Nevskya fungifera"
"singularis, Microparsus, Uhlmannia"
"sinilactucae, Hyperomyzus"
"sinilonicericola, Amphicercidus"
"siniperillae, Aulacorthum see perillae"
"siniscirpi, Schizaphis see piricola"
"siphunculata, Placoaphis see Ericaphis wakibae"
"sisymbrii, Lipaphis"
"skafi, Brachyunguis"
"skorkini, Mordvilkoiella"
"skurichinae, Uroleucon"
"sleesmani, Papulaphis"
"sleonensis, Micromyzella"
"smilaceti, Impatientinum, Macrosiphum see Impatientinum impatiens"
"smilacicola, Sitobion"
"smilacifoliae, Aleurosiphon, Rhopalosiphoninus, Sitobion"
"smilacis, Aulacorthum, Rhopalomyzus"
"smilacisina, Aphis"
"smirnovi, Aphis"
"soan, Aphis"
"sojaki, Macrosiphoniella"
"soldatovi, Acyrthosiphon"
"solidaginifoliae, Acuticauda"
"solidaginis, Aphis, Uroleucon"
"solidagophila, Aphis"
"solirostratum, Uroleucon"
"sonchellum, Uroleucon"
"sonchi, Protaphis, Uroleucon"
"sonchifoliae, Metopolophium see Acyrthosiphon rubi"
"songini,  Stellariopsis"
"soongarica, Macrosiphoniella nitida ssp."
"soosi, Macrosiphoniella"
"sophiae, Micromyzella"
"sorbarisorbifoliae, Himalayaphis see Chusiphuncula sorbarisucta"
"sorbariasuctus, Rhopalosiphoninus see Chusiphuncula sorbarisucta"
"sorbarisucta, Chusiphuncula"
"sorghi, Melanaphis"
"soureni, Oedisiphum"
"spartii, Acyrthosiphon see pisum"
"spatulavillus, Pleotrichophorus"
"spenceri, Iziphya"
"speyeri, Aulacorthum"
"sphondylii, Semiaphis"
"spinacaudatum, Aulacorthum"
"spinapilosa, Parathoracaphis"
"spinipes, Macrosiphoniella"
"spinosus, Hamamelistes, Macromyzus"
"spinulosa, Ceratovacuna"
"spinulosum, Micromyzodium"
"spiraephaga, Aphis"
"spiraephila, Aphis"
"spirocaudicula, Tshernovaia"
"sporadicus, Pleotrichophorus"
"sporta, Sportaphis see Tenuilongaphis stata"
"stachydis, Aphis, Cryptomyzus, Uroleucon"
"stachyophila, Amphorophora"
"stachyos, Ovatomyzus"
"staegeri, Macrosiphoniella"
"stammeri, Parathecabius see Mordvilkoja vagabunda"
"stata, Tenuilongiaphis"
"staticis, Staticobium"
"stavropolensis, Clypeoaphis"
"stellariae, Brachycolus, Macrosiphum, Myzus"
"stepposa, Uroleucon sonchi ssp."
"stipae, Anoecia, Chaetosiphella"
"stoetzelae, Uroleucon"
"stolonis, Amphorophora"
"stransvaesiae, Aphis"
"striata, Aphis see Protaphis picridicola, Oregma see Astegopteryx bambusae, Thripsaphis (Neobacillaphis)"
"strobilantheae, Neomyzus"
"strobilanthi, Melanaphis, Micromyzodium"
"stromi, Allaphis"
"strongilosiphon, Staticobium see gmelini"
"stroudi, Pleotrichophorus"
"stufkensi, Megoura"
"suaedae, Clypeoaphis"
"suaedicola, Clypeoaphis suaedae ssp."
"suaedus, Brachyunguis"
"subaequalis, Macrosiphoniella"
"subalpicum, Microsiphum procerae ssp."
"subarcticum, Macrosiphum see valerianae"
"submacula, Maculolachnus"
"submissa, Coloradoa"
"subnitida, Aphis"
"subnudus, Paracletus"
"subverrucosa, Allaphis verrucosa ssp."
"subviride, Illinoia"
"subviridis, Aphis"
"succisae, Aphis"
"sudhakaris, Macrosiphoniella"
"suffruticosum, Staticobium"
"suguri, Nasonovia see cynosbati"
"sumire, Aphis"
"sungkangensis, Neotoxoptera see oliveri"
"sunshine, Macrosiphoniella"
"superba, Acyrthosiphon see nigripes"
"supranubius, Acyrthosiphon"
"suzannae, Uroleucon"
"svalbardicum, Acyrthosiphon"
"sylvaticae, Macrosiphoniella kikungshana ssp."
"symphoricarpi, Aphthargelia"
"symphyti, Aphis, Macrosiphum"
"syrdariense, Uroleucon"
"syreniae, Smiela"
"sywangi, Aphis"
"szalaymarzsoi, Macrosiphoniella"
"tacita, Aphis"
"tade, Trichosiphonaphis"
"tadshikana, Macrosiphoniella"
"tadzhica, Coloradoa"
"tadzhikistanica, Cryptomyzus, Dysaphis"
"tadzhikistanicum, Acyrthosiphon caraganae ssp., Acyrthosiphon euphorbiae ssp., Acyrthosiphon soldatovi ssp.,   "
"taesongsanensis, Macrosiphoniella"
"tahosalea, Aphis see sedi"
"taiheisanum, Ericolophium"
"taimyricum, Metopolophium"
"taisetsusana, Dysaphis, Matsumuraja"
"taiwana, Akkaia"
"takahashii, Anoecia, Anomalosiphum, Aulacorthum, Capitophorus, Cavariella, Cinara, Dermaphis, Ericolophium, Eutrichosiphum, Lachnus, Macrosiphoniella antennata ssp., Melanaphis, Paracolopha, Periphyllus see ginnalae, Serratocallis, Sitobion, Stomaphis, Takecallis see arundinariae, Thoracaphis takahashii of Shinji see Dermaphis japonensis, Thoracaphis takahashii of Strand see Dermaphis takahashii, Trichaitophorus see koyaensis "
"takala, Nasonovia"
"talgarica, Aphis"
"tanacetaria, Macrosiphoniella"
"tanaceti, Uroleucon"
"tanacetina, Coloradoa"
"tapuskae, Macrosiphoniella"
"taraxaci, Dysaphis, Protrama, Trama, Uroleucon"
"tardae, Uroleucon"
"tashevella, Xerobion see cinae"
"tashevi, Aphis"
"tataricae, Hyadaphis"
"tateyamaensis, Melanaphis"
"taukogi, Aphis"
"taurica, Cinara, Ephedraphis ephedrae ssp., Coloradoa, Sipha"
"tausaghyz, Brachyunguis"
"telekiae, Uroleucon"
"tellenica, Cinara"
"tenera, Therioaphis"
"tenerum, Metopolophium"
"tenuicauda, Microlophium sibiricum ssp., Chaitaphis, Macrosiphum"
"tenuirostre, Uroleucon see budhium"
"tenuis, Pentamyzus"
"tenuitarsum, Uroleucon"
"tephrosiae, Microparsus"
"teriolana, Macrosiphoniella"
"terminalae, Myzus  NOMEN NUDUM"
"terraealbae, Macrosiphoniella, Xerobion see cinae"
"terricola, Aphis see Protaphis, Fullawaya, Lepidaphis, Protaphis"
"tessariae, Uroleucon"
"tetradymia, Protaphis"
"tetradymiae, Pleotrichophorus"
"tetrapteralis, Brachyunguis"
"teucrii, Aphis"
"texana, Phylloxera"
"thalictri, Aphis, Illinoia, Sitobion"
"thanatophila, Braggia deserticola ssp."
"thaspii, Aphis"
"thecomae, Aphis"
"theobaldi, Cavariella, Vesiculaphis"
"thermophila, Aphis helianthemi ssp."
"thesii, Aphis"
"thomasi, Aphi, Chaetosiphon"
"thorsteinni, Hyperomyzus"
"thracicum, Acyrthosiphon"
"thunebergi, Schizaphis"
"tianschanica, Aphis, Rhopalomyzus"
"tianshanica, Macrosiphoniella tanacetaria ssp., Myzaphis"
"tiarellae, Nasonovia"
"tigwatensa, Amphorophora"
"timpanogos, Macrosiphum"
"tinctum, Macrosiphum"
"tirucallis, Aphis"
"titovi, Acyrthosiphon see ilka"
"tolmiea, Macrosiphum"
"tomenthosi, Aphis"
"tormentillae, Aphis"
"tortuosissimae, Uroleucon"
"transiliensis, Cryptomyzus"
"triangulatus, Hyalomyzus, Pleotrichophorus"
"tribulis, Megourella"
"tricholepidis, Capitophorus"
"tridentatae, Flabellomicrosiphum, Pseudoepameibaphis"
"trifolii, Therioaphis"
"triglochinis, Aphis"
"trinus, Prociphilus see himalayensis"
"tripartitum, Uroleucon"
"triphylli, Uroleucon"
"tripolii, Aphis"
"trirhodus, Longicaudus"
"tritici, Diuraphis"
"triumfettae, Sitobion"
"troglodytes, Trama"
"trollii, Macrosiphum"
"tropaeoli, Aphis"
"tschuense, Uroleucon"
"tsengi, Tuberocephalus"
"tsherepanovi, Macropodaphis see alexandri"
"tshernavini, Chaetosiphella"
"tsizhongi, Macrosiphoniella see abrotani"
"tsujii, Aphis"
"tuataiae, Uroleucon"
"tuberculaceps, Macrosiphum"
"tuberculata, Amphorophora, Callipterinella, Dysaphis tschildarensis ssp., Indonipponaphis, Indumasonaphis see Indomasonaphis anaphalidis, Macrosiphoniella, Monelliopsis, Nevskya, Quernaphis, Rhinariaphis"
"tuberculatumartemisicola, Macrosiphoniella"
"tubituberculata, Macropodaphis"
"tulipae, Dysaphis"
"tulipaellus, Rhopalosiphoninus staphyleae ssp."
"tumorisiphum, Mollitrichosiphum"
"turanica, Brachycaudus cardui ssp., Eichinaphis see pamirica, Liosomaphis see berberidis, Macchiatiella rhamni ssp., Macrosiphoniella affinis ssp., Megoura viciae ssp., Myzaphis, Paczoskia paczoskii ssp., Protaphis,"
"turkestanica, Aphis see ucrainensis, Avicennina"
"turkestanicum, Acyrthosiphon cyparissiae ssp."
"turritella, Lipaphis"
"tussilaginis, Uroleucon"
"tutigulus, Pseudocercidus"
"ubsanurensis, Dysaphis"
"ucrainensis, Aphis"
"ucrainica, Aphis argrimoniae ssp., Macrosiphoniella staegeri ssp."
"ulicis, Aphis"
"ulmariae, Aphis"
"ulrichi, Sminthuraphis"
"ulytavicum, Xerobion"
"umarovi, Acyrthosiphon, Macrosiphoniella, Prociphilus"
"umbelliferarum, Aphis, Brachycaudus"
"umbrella, Aphis"
"unaweepiensis, Aphis"
"uncininiae, Thripsaphis"
"uncompahgrensis, Braggia"
"unguibrevis, Lipaphis"
"unicauli, Dysaphis"
"uralensis, Dysaphis"
"urmiensis, Aphidura"
"urovaneta, Braggia"
"urtica, Amphorophora"
"urticae, Metopeurum"
"urticata, Aphis"
"ussuriense, Delphiniobium, Uroleucon"
"utahensis, Allaphis, Aphis, Asiphonaphis, Chaitophorus, Drepanaphis, Durocapillata, Epameibaphis, Muscaphis"
"utensis, Pleotrichophorus"
"utpali, Tetraneura see javensis"
"utsugicola, Aphis"
"uvaeursi, Aphis"
"uvarovi,  Sipha"
"uyguricum, Uroleucon"
"uzbekistanicus, Paracletus bykovi ssp."
"valentinae, Dysaphis leefmansi ssp. "
"valerianae, Aphis, Macrosiphum"
"vallei, Aphis"
"vallescaldera, Atheroides"
"vallesiacae, Macrosiphoniella"
"valuliae, Abstrusomyzus"
"vancouverense, Uroleucon"
"vancouveriae, Macrosiphum"
"vannesii, Nasonovia"
"vasiljevi, Acyrthosiphon"
"ventromaculata, Therioaphis trifolii ssp."
"vera, Aspidophorodon, Nearctaphis, Uroleucon"
"veratri, Aphis"
"verbenae, Aphis see mamonthovae, Macrosiphum"
"verbesinae, Uroleucon"
"vernoniae, Aphis, Uroleucon"
"vernonicola, Uroleucon"
"veronicae, Myzus cerasi ssp., Zinia"
"veronicicola, Aphis"
"verrucosa, Allaphis"
"vibei, Thripsaphis see Allaphis cyperi, Utamphorophora"
"viburni, Aphis, Phorodon, Wahlgreniella"
"viburnicola, Ceruraphis, Sappaphis see Viburnaphis, Viburnaphis"
"viburniphila, Aphis"
"viciae, Megoura"
"viennoti, Dysaphis"
"vignaphilus, Microparsus"
"villalobosi, Ucrimyzus"
"villosa, Cinara "
"villosae, Macrosiphoniella erigeronis ssp., Pleotrichophorus"
"vineti, Aphis"
"violae, Aphis, Macrosiphum, Neotoxoptera"
"violaeradicis, Aphis"
"virgatae, Aulacophoroides"
"virgatus, Brachycaudus"
"virginiana, Patchia "
"virginica, Subsaltusaphis"
"viridirubra, Toxoptera see Schizaphis nigra"
"viscisucta, Tuberaphis"
"vitalbae, Aphis"
"viticola, Greenidea, Neothelaxes"
"vitifoliae, Daktulosphaira, Viteus see Daktulosphaira"
"vladimirovi, Aphis"
"vulgaris, Pemphigus see groenlandicus"
"vulgaris, Pleotrichophorus quadritrichus ssp."
"vurilocensis, Aphis"
"wagneri, Paczoskia"
"wahena, Aphis"
"wahinkae, Nasonovia"
"wahnaga, Illinoia"
"wakibae, Ericaphis"
"wartenbergi, Aphis"
"wasintae, Acyrthosiphon"
"weberi, Macrosiphum"
"weingaertneriae, Schizaphis"
"wellensteini, Aphis"
"willamettense, Macrosiphum"
"willcocksi, Anoecia see vagans"
"williamsi, Nasonovia"
"wilsoni, Macrosiphum"
"woodsiae, Macrosiphum"
"woodwardiae, Macromyzus"
"xanthinae, Ferusaphis"
"xenotrichis, Pseudoepameibaphis"
"xerozoous, Pleotrichophorus"
"zhangi, Iowana"
"xinglongensis, Astegopteryx see Tuberaphis, Tuberaphis"
"xinjiangalbus, Chaitophorus see pruinosae"
"yasumatsui, Melanaphis, Sitobion"
"yomogicola, Macrosiphoniella"
"zawadovskii, Brachyunguis"
"zerogutierrezis, Uroleucon"
"zerothermum, Obtusicauda see coweni"
"zeya, Macrosiphoniella"
"zhangi, Cavariella see aquatica"
"zhanhuaensis, Melanaphis"
"zhanhuanus, Paracletus cimiciformis ssp."
"zinzalae, Uroleucon"
"zionense, Macrosiphum"
"zirnitsi, Anoecia, Hyperomyzus"
"zoijae, Xerobion"
"zolotarenkoi, Staticobium see gmelini"
"zonassa, Aphis"
"zoomontanus, Pleotrichophorus"
"zweigelti, Aphis"
"zygophylli, Brachyunguis"
"zymozionense, Uroleucon"
